complexity,loss,score,equation,sympy_format,lambda_format
1,0.0039858795,0.0,0.5268708,0.526870800000000,PySRFunction(X=>0.526870800000000)
3,0.0034584482,0.07096899958545994,(r * 0.025902152),0.025902152*r,PySRFunction(X=>0.025902152*r)
5,0.0030832733,0.057414099479244946,((r * 0.07287113) + -0.9564907),0.07287113*r - 0.9564907,PySRFunction(X=>0.07287113*r - 0.9564907)
7,0.0020512925,0.20376085505757188,((i * -0.2838056) + (r * 0.29677463)),-0.2838056*i + 0.29677463*r,PySRFunction(X=>-0.2838056*i + 0.29677463*r)
9,0.0020172603,0.008364889293366456,((i * -0.2661359) + ((r * 0.295132) - 0.30998275)),-0.2661359*i + 0.295132*r - 0.30998275,PySRFunction(X=>-0.2661359*i + 0.295132*r - 0.30998275)
11,0.0019560333,0.015410853843471038,((((r * 7.162176) - (i * 6.057584)) - 16.50334) / g),(-6.057584*i + 7.162176*r - 16.50334)/g,PySRFunction(X=>(-6.057584*i + 7.162176*r - 16.50334)/g)
19,0.0019560158,1.1183397468081943e-06,(((((r * 7.156988) - ((i + 0.004907308) * 6.051568)) + (0.43256468 / (g + z))) - 16.49548) / g),(-6.051568*i + 7.156988*r - 16.5251769080589 + 0.43256468/(g + z))/g,PySRFunction(X=>(-6.051568*i + 7.156988*r - 16.5251769080589 + 0.43256468/(g + z))/g)
