complexity,loss,score,equation,sympy_format,lambda_format
1,0.0039858795,0.0,0.52687097,0.526870970000000,PySRFunction(X=>0.526870970000000)
3,0.0034584482,0.07096899958545994,(r * 0.025902152),0.025902152*r,PySRFunction(X=>0.025902152*r)
5,0.0030832733,0.057414099479244946,((r * 0.072871104) + -0.95648986),0.072871104*r - 0.95648986,PySRFunction(X=>0.072871104*r - 0.95648986)
7,0.00212677,0.185693697773274,(((i - r) * -0.30743444) + 0.24199168),-0.30743444*i + 0.30743444*r + 0.24199168,PySRFunction(X=>-0.30743444*i + 0.30743444*r + 0.24199168)
9,0.0020134097,0.027387371913504793,((i * ((-6.3384347 / r) - -0.043101724)) - -5.739647),i*(0.043101724 - 6.3384347/r) + 5.739647,PySRFunction(X=>i*(0.043101724 - 6.3384347/r) + 5.739647)
11,0.0020004376,0.003231848198065928,(1.888499 - ((g - (-5.1885705 / (r - i))) / r)),1.888499 - (g + 5.1885705/(-i + r))/r,PySRFunction(X=>1.888499 - (g + 5.1885705/(-i + r))/r)
13,0.0019697957,0.007718062419185689,(0.07548357 - ((((i - r) * 0.015695926) + (-0.2061639 / u)) * i)),-i*(0.015695926*i - 0.015695926*r - 0.2061639/u) + 0.07548357,PySRFunction(X=>-i*(0.015695926*i - 0.015695926*r - 0.2061639/u) + 0.07548357)
15,0.0019438617,0.006626635128058286,((((r * (0.015326349 - (i * (0.012421166 / r)))) + -0.10688705) * g) + 1.3226612),g*(r*(-0.012421166*i/r + 0.015326349) - 0.10688705) + 1.3226612,PySRFunction(X=>g*(r*(-0.012421166*i/r + 0.015326349) - 0.10688705) + 1.3226612)
17,0.0019363685,0.0019311249406424008,(((((51.4755 - r) * (0.0044111093 - (i * (0.008243163 / r)))) + 0.071561605) * g) + 1.3181385),g*((51.4755 - r)*(-0.008243163*i/r + 0.0044111093) + 0.071561605) + 1.3181385,PySRFunction(X=>g*((51.4755 - r)*(-0.008243163*i/r + 0.0044111093) + 0.071561605) + 1.3181385)
