complexity,loss,score,equation,sympy_format,lambda_format
1,0.0039858795,0.0,0.5268709,0.526870900000000,PySRFunction(X=>0.526870900000000)
3,0.0034584482,0.07096899958545994,(r * 0.025902241),0.025902241*r,PySRFunction(X=>0.025902241*r)
5,0.0030832733,0.057414099479244946,((r * 0.072871104) - 0.9564901),0.072871104*r - 0.9564901,PySRFunction(X=>0.072871104*r - 0.9564901)
7,0.0020512925,0.20376085505757188,((r * 0.29675943) - (i * 0.2837897)),-0.2837897*i + 0.29675943*r,PySRFunction(X=>-0.2837897*i + 0.29675943*r)
9,0.0020147387,0.008990286355406994,(6.579618 - (((i * 5.484597) + 16.635067) / r)),6.579618 - (5.484597*i + 16.635067)/r,PySRFunction(X=>6.579618 - (5.484597*i + 16.635067)/r)
11,0.0019590838,0.014006297297973615,(((r + -14.51485) + ((r - i) * 6.20805)) / g),(-6.20805*i + 7.20805*r - 14.51485)/g,PySRFunction(X=>(-6.20805*i + 7.20805*r - 14.51485)/g)
13,0.0019551765,0.0009982221411811534,((((r + 84.13467) / i) + ((-102.045876 - g) / r)) - -1.2424846),1.2424846 + (-g - 102.045876)/r + (r + 84.13467)/i,PySRFunction(X=>1.2424846 + (-g - 102.045876)/r + (r + 84.13467)/i)
15,0.0019185897,0.009445042901350835,(((r + (u * -0.11231361)) + (((r - i) * 6.297718) - 11.924731)) / g),(-6.297718*i + 7.297718*r - 0.11231361*u - 11.924731)/g,PySRFunction(X=>(-6.297718*i + 7.297718*r - 0.11231361*u - 11.924731)/g)
