complexity,loss,score,equation,sympy_format,lambda_format
1,0.6079444,0.0,0.45326898,0.453268980000000,PySRFunction(X=>0.453268980000000)
3,0.5671331,0.03474470498423778,(z * 0.028114198),0.028114198*z,PySRFunction(X=>0.028114198*z)
5,0.39760613,0.17756606413955217,((i * 0.26667428) + -4.292023),0.26667428*i - 4.292023,PySRFunction(X=>0.26667428*i - 4.292023)
7,0.38054794,0.021924865343781443,(i - ((-235.45226 / i) + 30.694674)),i - 30.694674 + 235.45226/i,PySRFunction(X=>i - 30.694674 + 235.45226/i)
9,0.37744027,0.004099915238221664,(((i * r) * 0.0098062055) + (u * -0.13668962)),0.0098062055*i*r - 0.13668962*u,PySRFunction(X=>0.0098062055*i*r - 0.13668962*u)
11,0.37105384,0.0085325788162175,((((r / u) * (i * 0.0103525)) - 0.1441769) * i),i*(0.0103525*i*r/u - 0.1441769),PySRFunction(X=>i*(0.0103525*i*r/u - 0.1441769))
13,0.36774197,0.004482824807537087,((((r / u) * (i * 0.00050524424)) - 0.006991917) * (i * r)),i*r*(0.00050524424*i*r/u - 0.006991917),PySRFunction(X=>i*r*(0.00050524424*i*r/u - 0.006991917))
15,0.3604821,0.009969610762103622,((((r * -0.011828607) + 0.18649468) * (((u - i) / 0.23553269) - r)) * 1.3462927),1.3462927*(0.18649468 - 0.011828607*r)*(-4.2456951517006*i - r + 4.2456951517006*u),PySRFunction(X=>1.3462927*(0.18649468 - 0.011828607*r)*(-4.2456951517006*i - r + 4.2456951517006*u))
19,0.35743576,0.0021216621382762427,((((r * i) * 0.0005610375) + (u * -0.0075791925)) * (r + (((r - u) * 4.5591555) - 0.023383431))),(0.0005610375*i*r - 0.0075791925*u)*(5.5591555*r - 4.5591555*u - 0.023383431),PySRFunction(X=>(0.0005610375*i*r - 0.0075791925*u)*(5.5591555*r - 4.5591555*u - 0.023383431))
